regime,seed,method,malicious_fraction,n_clients,n_train_events,n_test_events,accuracy_pct,macro_precision_pct,macro_recall_pct,macro_f1_pct,auc_pct,mb_per_round,round_time_s,policy_block_pct,false_block_pct,policy_tp,policy_fp,policy_fn,policy_tn,accepted_clients,malicious_clients
Edge-IIoTset-calibrated,11,Local-only,0.0,20,7200,3600,93.52777777777777,93.61786479743098,92.97841126437557,93.28073328195104,96.44681306107388,0.08000000000000002,8.349999999999993,0.0,0.0,0,0,1129,2471,20,0
Edge-IIoTset-calibrated,11,FedAvg,0.0,20,7200,3600,95.25,95.57366589372684,94.83769071228207,95.1888402382011,96.88466838287034,8.569999999999999,32.069999999999986,0.0,0.0,0,0,1127,2473,20,0
Edge-IIoTset-calibrated,11,FedProx,0.0,20,7200,3600,95.16666666666667,95.05107683041251,94.98555142758691,95.01337246122124,98.0178302613067,8.379999999999999,32.770000000000024,0.0,0.0,0,0,1161,2439,20,0
Edge-IIoTset-calibrated,11,FD-only,0.0,20,7200,3600,97.02777777777779,97.19069368316676,96.76912754051862,96.97392891716349,98.32546039031982,1.8500000000000005,22.630000000000003,0.0,0.0,0,0,1148,2452,20,0
Edge-IIoTset-calibrated,11,BC-FL,0.0,20,7200,3600,97.41666666666666,97.41076989982967,97.21383110927496,97.3090345559254,98.54266095407742,4.990000000000001,27.600000000000012,59.548611111111114,5.351307189542483,686,131,466,2317,20,0
Edge-IIoTset-calibrated,11,TrustAgent-IIoT,0.0,20,7200,3600,98.25,98.11396550746012,98.27540006667739,98.19309573219222,98.8117571672463,1.4600000000000002,20.489999999999988,96.30584192439862,2.2167487684729066,1121,54,43,2382,15,0
Edge-IIoTset-calibrated,11,FedAvg,0.1,20,7200,3600,91.41666666666667,91.70675970973559,90.72184752509067,91.16823641630309,95.7677639697338,8.57,nan,nan,nan,0,0,0,0,20,2
Edge-IIoTset-calibrated,11,FedProx,0.1,20,7200,3600,93.11111111111111,92.81194539458272,92.6398604097816,92.71155104590001,97.41460797376963,8.38,nan,nan,nan,0,0,0,0,20,2
Edge-IIoTset-calibrated,11,BC-FL,0.1,20,7200,3600,95.36111111111111,95.45285031488355,94.90356528675598,95.16658330637982,97.72047997994498,4.99,nan,nan,nan,0,0,0,0,20,2
Edge-IIoTset-calibrated,11,TrustAgent-IIoT,0.1,20,7200,3600,97.55555555555556,97.3475129326691,97.40783043895127,97.37416362876267,99.00959769599037,1.46,nan,nan,nan,0,0,0,0,15,2
Edge-IIoTset-calibrated,11,FedAvg,0.2,20,7200,3600,87.13888888888889,87.07998286589144,86.161346650644,86.57656526358068,93.63501618093525,8.57,nan,nan,nan,0,0,0,0,20,4
Edge-IIoTset-calibrated,11,FedProx,0.2,20,7200,3600,89.27777777777777,88.83173334805201,88.99578406160438,88.90436923677454,94.69129638186593,8.38,nan,nan,nan,0,0,0,0,20,4
Edge-IIoTset-calibrated,11,BC-FL,0.2,20,7200,3600,91.61111111111111,91.35565183716272,91.1861950535195,91.25883071037025,96.20119295873873,4.99,nan,nan,nan,0,0,0,0,20,4
Edge-IIoTset-calibrated,11,TrustAgent-IIoT,0.2,20,7200,3600,95.91666666666666,95.83499299872821,95.65746776633348,95.74082556076621,98.18669278892473,1.46,nan,nan,nan,0,0,0,0,15,4
Edge-IIoTset-calibrated,11,FedAvg,0.3,20,7200,3600,79.55555555555556,79.74587382887158,78.40864432575422,78.99031554668902,90.883740094012,8.57,nan,nan,nan,0,0,0,0,20,6
Edge-IIoTset-calibrated,11,FedProx,0.3,20,7200,3600,81.61111111111111,81.01196449325053,80.93716800138992,80.9493100950541,91.58694786152279,8.38,nan,nan,nan,0,0,0,0,20,6
Edge-IIoTset-calibrated,11,BC-FL,0.3,20,7200,3600,85.97222222222223,85.7561992181031,85.32333036110082,85.51986443225582,92.52330340111966,4.99,nan,nan,nan,0,0,0,0,20,6
Edge-IIoTset-calibrated,11,TrustAgent-IIoT,0.3,20,7200,3600,94.08333333333333,93.79825743493309,93.96149189961051,93.87408925604383,97.06761657698861,1.46,nan,nan,nan,0,0,0,0,14,6
Edge-IIoTset-calibrated,29,Local-only,0.0,20,7200,3600,93.38888888888889,93.78303315822238,92.49049776789212,93.0909960864868,96.24581562622191,0.08000000000000002,8.349999999999993,0.0,0.0,0,0,929,2671,20,0
Edge-IIoTset-calibrated,29,FedAvg,0.0,20,7200,3600,95.22222222222221,95.60724965365058,94.2980988575434,94.91264007722799,96.94415682125573,8.569999999999999,32.06999999999998,0.0,0.0,0,0,920,2680,20,0
Edge-IIoTset-calibrated,29,FedProx,0.0,20,7200,3600,95.41666666666667,95.16354299142598,95.04030833935137,95.09980707141018,98.88931982947405,8.379999999999999,32.77000000000002,0.0,0.0,0,0,958,2642,20,0
Edge-IIoTset-calibrated,29,FD-only,0.0,20,7200,3600,97.02777777777779,97.1144583482781,96.47185523886772,96.77862259682321,98.60404902285211,1.8500000000000005,22.629999999999995,0.0,0.0,0,0,933,2667,20,0
Edge-IIoTset-calibrated,29,BC-FL,0.0,20,7200,3600,97.02777777777779,97.08986757454353,96.55005859682932,96.81071621422885,98.52974142378815,4.990000000000001,27.600000000000016,60.50955414012739,5.831452219714071,570,155,372,2503,20,0
Edge-IIoTset-calibrated,29,TrustAgent-IIoT,0.0,20,7200,3600,98.33333333333333,98.19460488819819,98.05170606807569,98.11803120975998,99.1502563305765,1.4600000000000002,20.489999999999988,96.86847599164926,2.2710068130204393,928,60,30,2582,15,0
Edge-IIoTset-calibrated,29,FedAvg,0.1,20,7200,3600,91.19444444444444,91.46169285525409,90.0092737985844,90.67670158688415,96.09793184101376,8.57,nan,nan,nan,0,0,0,0,20,2
Edge-IIoTset-calibrated,29,FedProx,0.1,20,7200,3600,92.83333333333333,92.46289033682345,92.42988569897702,92.42962290211068,96.68327962390353,8.38,nan,nan,nan,0,0,0,0,20,2
Edge-IIoTset-calibrated,29,BC-FL,0.1,20,7200,3600,95.05555555555556,94.76384937416921,94.62627349167923,94.68859909043499,97.69942961653008,4.99,nan,nan,nan,0,0,0,0,20,2
Edge-IIoTset-calibrated,29,TrustAgent-IIoT,0.1,20,7200,3600,97.33333333333334,97.09571485760668,96.93471038614418,97.0133285365194,98.9809638915279,1.46,nan,nan,nan,0,0,0,0,15,2
Edge-IIoTset-calibrated,29,FedAvg,0.2,20,7200,3600,86.91666666666666,87.52812354114717,85.32417748908043,86.29645827146277,93.72732372849795,8.57,nan,nan,nan,0,0,0,0,20,4
Edge-IIoTset-calibrated,29,FedProx,0.2,20,7200,3600,87.83333333333333,87.06616526751915,87.06739923954096,87.03664275686953,95.11750247395479,8.38,nan,nan,nan,0,0,0,0,20,4
Edge-IIoTset-calibrated,29,BC-FL,0.2,20,7200,3600,91.27777777777779,90.99934352416878,90.08142629359199,90.51471950225653,97.15962711383276,4.99,nan,nan,nan,0,0,0,0,20,4
Edge-IIoTset-calibrated,29,TrustAgent-IIoT,0.2,20,7200,3600,96.36111111111111,96.18753796042654,96.07472095109122,96.12795112688252,98.3318645771188,1.46,nan,nan,nan,0,0,0,0,15,4
Edge-IIoTset-calibrated,29,FedAvg,0.3,20,7200,3600,76.88888888888889,76.56319653094667,74.10217924419563,75.08529585429308,89.23348321367813,8.57,nan,nan,nan,0,0,0,0,20,6
Edge-IIoTset-calibrated,29,FedProx,0.3,20,7200,3600,82.16666666666667,81.28128628907632,81.40608616827068,81.29602970804633,92.50305710832542,8.38,nan,nan,nan,0,0,0,0,20,6
Edge-IIoTset-calibrated,29,BC-FL,0.3,20,7200,3600,85.19444444444444,84.71650323623416,84.42450279112951,84.53322022891868,92.90317951126593,4.99,nan,nan,nan,0,0,0,0,20,6
Edge-IIoTset-calibrated,29,TrustAgent-IIoT,0.3,20,7200,3600,93.44444444444444,93.06068886124407,92.9555297794716,93.0053538134547,97.63824791418826,1.46,nan,nan,nan,0,0,0,0,14,6
Edge-IIoTset-calibrated,47,Local-only,0.0,20,7200,3600,92.97222222222223,93.11859886005685,92.09295174711175,92.55724620504486,96.11727878988198,0.08000000000000002,8.349999999999993,0.0,0.0,0,0,886,2714,20,0
Edge-IIoTset-calibrated,47,FedAvg,0.0,20,7200,3600,95.19444444444444,95.43307980552332,94.49528170563877,94.93152300610143,97.52565928572227,8.569999999999999,32.06999999999998,0.0,0.0,0,0,907,2693,20,0
Edge-IIoTset-calibrated,47,FedProx,0.0,20,7200,3600,94.94444444444444,94.71264793685492,94.48030052627512,94.59438286686765,98.24249767617529,8.379999999999999,32.770000000000024,0.0,0.0,0,0,925,2675,20,0
Edge-IIoTset-calibrated,47,FD-only,0.0,20,7200,3600,97.22222222222221,97.2471178614478,96.92260207823065,97.07873592519024,98.43382280852056,1.8500000000000005,22.63,0.0,0.0,0,0,925,2675,20,0
Edge-IIoTset-calibrated,47,BC-FL,0.0,20,7200,3600,97.11111111111111,97.06315962895337,96.76206174380961,96.90625480329635,98.38999384036494,4.990000000000001,27.600000000000016,60.06458557588805,5.915387495320105,558,158,371,2513,20,0
Edge-IIoTset-calibrated,47,TrustAgent-IIoT,0.0,20,7200,3600,98.25,98.10806450985721,98.03681308023074,98.07117483832144,99.0601282147276,1.4600000000000002,20.489999999999988,95.82441113490364,2.4756189047261814,895,66,39,2600,15,0
Edge-IIoTset-calibrated,47,FedAvg,0.1,20,7200,3600,90.97222222222221,91.54891925199559,90.09371512720715,90.75403027776275,95.40509425399952,8.57,nan,nan,nan,0,0,0,0,20,2
Edge-IIoTset-calibrated,47,FedProx,0.1,20,7200,3600,92.11111111111111,91.81182109848523,91.78872801212108,91.78800703247009,97.096677313307,8.38,nan,nan,nan,0,0,0,0,20,2
Edge-IIoTset-calibrated,47,BC-FL,0.1,20,7200,3600,95.41666666666667,95.43293828794192,94.88609815219382,95.1466610192162,97.80249123937732,4.99,nan,nan,nan,0,0,0,0,20,2
Edge-IIoTset-calibrated,47,TrustAgent-IIoT,0.1,20,7200,3600,97.41666666666666,97.22383452994892,97.23368872575239,97.22779769579553,98.97375267389799,1.46,nan,nan,nan,0,0,0,0,15,2
Edge-IIoTset-calibrated,47,FedAvg,0.2,20,7200,3600,85.88888888888889,85.72072343453591,84.84392362927304,85.22794248867494,92.88566285988257,8.57,nan,nan,nan,0,0,0,0,20,4
Edge-IIoTset-calibrated,47,FedProx,0.2,20,7200,3600,88.69444444444444,88.10453389424639,88.28579060093705,88.18779307332866,94.64802587625877,8.38,nan,nan,nan,0,0,0,0,20,4
Edge-IIoTset-calibrated,47,BC-FL,0.2,20,7200,3600,90.88888888888889,90.62889881191578,90.45518919316969,90.52967222746753,95.60903650318055,4.99,nan,nan,nan,0,0,0,0,20,4
Edge-IIoTset-calibrated,47,TrustAgent-IIoT,0.2,20,7200,3600,95.69444444444444,95.48566910300791,95.48073311607818,95.48078883908,98.17630952228286,1.46,nan,nan,nan,0,0,0,0,15,4
Edge-IIoTset-calibrated,47,FedAvg,0.3,20,7200,3600,80.02777777777777,80.24911442771857,78.1881811164248,79.00289271945172,91.09212935978267,8.57,nan,nan,nan,0,0,0,0,20,6
Edge-IIoTset-calibrated,47,FedProx,0.3,20,7200,3600,81.61111111111111,81.16027529711135,81.32250566799907,81.2107611810595,91.24578929580355,8.38,nan,nan,nan,0,0,0,0,20,6
Edge-IIoTset-calibrated,47,BC-FL,0.3,20,7200,3600,86.27777777777777,86.10770052834683,85.75947282441344,85.90529638192893,93.329619902116,4.99,nan,nan,nan,0,0,0,0,20,6
Edge-IIoTset-calibrated,47,TrustAgent-IIoT,0.3,20,7200,3600,93.16666666666666,92.92632507061413,92.68852280415362,92.79595432718921,97.65760123374719,1.46,nan,nan,nan,0,0,0,0,14,6
Edge-IIoTset-calibrated,71,Local-only,0.0,20,7200,3600,93.02777777777777,93.02790103313082,92.00178934641235,92.48909437616645,96.76878641629357,0.08000000000000002,8.349999999999993,0.0,0.0,0,0,957,2643,20,0
Edge-IIoTset-calibrated,71,FedAvg,0.0,20,7200,3600,94.97222222222223,95.11909443434827,94.17954685551598,94.62675319862032,96.94123490566807,8.569999999999999,32.06999999999998,0.0,0.0,0,0,963,2637,20,0
Edge-IIoTset-calibrated,71,FedProx,0.0,20,7200,3600,95.83333333333334,95.54403252762434,95.42295937736239,95.47899862203896,98.23612046539961,8.379999999999999,32.770000000000024,0.0,0.0,0,0,979,2621,20,0
Edge-IIoTset-calibrated,71,FD-only,0.0,20,7200,3600,97.05555555555556,97.03361482864642,96.5888626786823,96.80163247406813,98.37588225965489,1.8500000000000005,22.63,0.0,0.0,0,0,978,2622,20,0
Edge-IIoTset-calibrated,71,BC-FL,0.0,20,7200,3600,97.63888888888889,97.53956621315847,97.27805531784561,97.40248428262461,98.38584724262718,4.990000000000001,27.600000000000016,61.64102564102564,5.561904761904762,601,146,374,2479,20,0
Edge-IIoTset-calibrated,71,TrustAgent-IIoT,0.0,20,7200,3600,98.36111111111111,98.17794696464074,98.17819869528182,98.17405676077132,99.14198394668385,1.4600000000000002,20.489999999999984,96.26639757820384,2.146416251437332,954,56,37,2553,15,0
Edge-IIoTset-calibrated,71,FedAvg,0.1,20,7200,3600,91.77777777777779,92.36853264832172,90.54863684045516,91.38197013036176,96.38709267162746,8.57,nan,nan,nan,0,0,0,0,20,2
Edge-IIoTset-calibrated,71,FedProx,0.1,20,7200,3600,93.16666666666666,92.64425595984419,92.77483819287184,92.70456146119412,96.97688783112727,8.38,nan,nan,nan,0,0,0,0,20,2
Edge-IIoTset-calibrated,71,BC-FL,0.1,20,7200,3600,95.05555555555556,94.87780224798978,94.65967959759872,94.76210712574166,97.50654412451809,4.99,nan,nan,nan,0,0,0,0,20,2
Edge-IIoTset-calibrated,71,TrustAgent-IIoT,0.1,20,7200,3600,97.80555555555556,97.49854171950122,97.76561849072485,97.62839011615306,98.5031587445052,1.46,nan,nan,nan,0,0,0,0,15,2
Edge-IIoTset-calibrated,71,FedAvg,0.2,20,7200,3600,86.13888888888889,86.64100527397267,84.54937910265002,85.48484947543378,93.17117553065472,8.57,nan,nan,nan,0,0,0,0,20,4
Edge-IIoTset-calibrated,71,FedProx,0.2,20,7200,3600,88.58333333333334,87.83676727381689,88.03763413883149,87.9280485611394,94.87588555546638,8.38,nan,nan,nan,0,0,0,0,20,4
Edge-IIoTset-calibrated,71,BC-FL,0.2,20,7200,3600,92.25,91.8655055128198,91.47263845819049,91.6589289390151,96.61508527815292,4.99,nan,nan,nan,0,0,0,0,20,4
Edge-IIoTset-calibrated,71,TrustAgent-IIoT,0.2,20,7200,3600,95.91666666666666,95.50958309595451,95.7885824467552,95.64514358374286,98.57927260277212,1.46,nan,nan,nan,0,0,0,0,15,4
Edge-IIoTset-calibrated,71,FedAvg,0.3,20,7200,3600,80.19444444444444,79.8360840971407,77.86678648539939,78.69673871540853,90.79309244441033,8.57,nan,nan,nan,0,0,0,0,20,6
Edge-IIoTset-calibrated,71,FedProx,0.3,20,7200,3600,82.77777777777777,81.4685413808283,82.07379043360692,81.7429583897995,92.05496172787376,8.38,nan,nan,nan,0,0,0,0,20,6
Edge-IIoTset-calibrated,71,BC-FL,0.3,20,7200,3600,87.27777777777777,86.53902730392808,86.69071102684637,86.59552585846859,94.28436494171648,4.99,nan,nan,nan,0,0,0,0,20,6
Edge-IIoTset-calibrated,71,TrustAgent-IIoT,0.3,20,7200,3600,94.1388888888889,93.68163642197152,93.64065959160092,93.65226896317019,98.01252873656811,1.46,nan,nan,nan,0,0,0,0,14,6
Edge-IIoTset-calibrated,101,Local-only,0.0,20,7200,3600,93.11111111111111,92.99725604633919,92.52782338070799,92.75252035971549,95.88238736152968,0.08000000000000002,8.34999999999999,0.0,0.0,0,0,1111,2489,20,0
Edge-IIoTset-calibrated,101,FedAvg,0.0,20,7200,3600,95.72222222222221,95.66131660066031,95.28737237867459,95.46632083034092,97.69136409919976,8.569999999999999,32.06999999999998,0.0,0.0,0,0,1088,2512,20,0
Edge-IIoTset-calibrated,101,FedProx,0.0,20,7200,3600,95.61111111111111,95.36586681622065,95.41944637169647,95.38854172335503,97.97876902365186,8.379999999999999,32.770000000000024,0.0,0.0,0,0,1112,2488,20,0
Edge-IIoTset-calibrated,101,FD-only,0.0,20,7200,3600,97.36111111111111,97.38881568390141,97.21986376245954,97.30124512308518,98.5253039342313,1.8500000000000005,22.629999999999995,0.0,0.0,0,0,1113,2487,20,0
Edge-IIoTset-calibrated,101,BC-FL,0.0,20,7200,3600,97.22222222222221,97.18126950081628,97.01741529306103,97.09731734172878,98.77290184581531,4.990000000000001,27.600000000000012,58.2129963898917,6.059390048154093,645,151,463,2341,20,0
Edge-IIoTset-calibrated,101,TrustAgent-IIoT,0.0,20,7200,3600,98.44444444444444,98.37427206114462,98.35017930692442,98.36096907242113,99.21485792484162,1.4600000000000002,20.489999999999984,97.65976597659765,2.169546002410607,1085,54,26,2435,15,0
Edge-IIoTset-calibrated,101,FedAvg,0.1,20,7200,3600,91.55555555555556,91.65330928672006,91.00913420490632,91.30659468423588,95.94641173093876,8.57,nan,nan,nan,0,0,0,0,20,2
Edge-IIoTset-calibrated,101,FedProx,0.1,20,7200,3600,92.69444444444444,92.32787422710663,92.50709485807134,92.40742533554493,97.24539314977687,8.38,nan,nan,nan,0,0,0,0,20,2
Edge-IIoTset-calibrated,101,BC-FL,0.1,20,7200,3600,95.02777777777777,94.88960389419111,94.77111991344519,94.82639987916161,97.52320936780313,4.99,nan,nan,nan,0,0,0,0,20,2
Edge-IIoTset-calibrated,101,TrustAgent-IIoT,0.1,20,7200,3600,97.80555555555556,97.61302447329506,97.6947942393057,97.65117790176873,98.99867423854138,1.46,nan,nan,nan,0,0,0,0,15,2
Edge-IIoTset-calibrated,101,FedAvg,0.2,20,7200,3600,86.36111111111111,86.36697061270243,85.58320894434478,85.91144218405844,92.87371182456212,8.57,nan,nan,nan,0,0,0,0,20,4
Edge-IIoTset-calibrated,101,FedProx,0.2,20,7200,3600,88.69444444444444,88.12338480258873,88.36933782904113,88.21875125787952,94.64958723715412,8.38,nan,nan,nan,0,0,0,0,20,4
Edge-IIoTset-calibrated,101,BC-FL,0.2,20,7200,3600,92.58333333333333,92.39666879231542,92.16916737886666,92.26848487887797,96.46127614791125,4.99,nan,nan,nan,0,0,0,0,20,4
Edge-IIoTset-calibrated,101,TrustAgent-IIoT,0.2,20,7200,3600,96.44444444444444,96.27157096026531,96.29879113926906,96.28070507558436,98.71908549794644,1.46,nan,nan,nan,0,0,0,0,15,4
Edge-IIoTset-calibrated,101,FedAvg,0.3,20,7200,3600,79.61111111111111,79.32470578889357,78.5557903427125,78.8925074107452,90.35625995175322,8.57,nan,nan,nan,0,0,0,0,20,6
Edge-IIoTset-calibrated,101,FedProx,0.3,20,7200,3600,82.91666666666667,82.23916260438972,82.69083217210891,82.42034148360354,91.16788308697406,8.38,nan,nan,nan,0,0,0,0,20,6
Edge-IIoTset-calibrated,101,BC-FL,0.3,20,7200,3600,87.86111111111111,87.42640640486421,87.53910544208091,87.47338543644535,93.50306411491755,4.99,nan,nan,nan,0,0,0,0,20,6
Edge-IIoTset-calibrated,101,TrustAgent-IIoT,0.3,20,7200,3600,94.25,93.95168497828766,94.08262784741265,94.00942905877457,98.3428408881235,1.46,nan,nan,nan,0,0,0,0,14,6
Edge-IIoTset-calibrated,131,Local-only,0.0,20,7200,3600,93.1388888888889,93.26328595034254,92.03922940403177,92.6004731752587,95.89385623618325,0.08000000000000002,8.349999999999993,0.0,0.0,0,0,1014,2586,20,0
Edge-IIoTset-calibrated,131,FedAvg,0.0,20,7200,3600,95.55555555555556,95.6564838081179,94.94726605086868,95.29022861872946,96.96576613277844,8.569999999999999,32.06999999999998,0.0,0.0,0,0,1022,2578,20,0
Edge-IIoTset-calibrated,131,FedProx,0.0,20,7200,3600,96.25,95.94467210544174,95.86442272910872,95.90379629063867,98.39678042193016,8.379999999999999,32.77000000000002,0.0,0.0,0,0,1036,2564,20,0
Edge-IIoTset-calibrated,131,FD-only,0.0,20,7200,3600,96.69444444444444,96.74667849486858,96.1527206170022,96.43903447085192,98.62239656118088,1.8500000000000005,22.629999999999995,0.0,0.0,0,0,1025,2575,20,0
Edge-IIoTset-calibrated,131,BC-FL,0.0,20,7200,3600,97.41666666666666,97.3970472239498,97.05816525204217,97.22171145053751,98.54787792938495,4.990000000000001,27.600000000000016,60.67632850241546,6.1988304093567255,628,159,407,2406,20,0
Edge-IIoTset-calibrated,131,TrustAgent-IIoT,0.0,20,7200,3600,98.5,98.36728694379305,98.35296575299822,98.3570294774134,99.44101308021618,1.4600000000000002,20.489999999999988,95.83333333333333,2.3753894080996885,989,61,43,2507,15,0
Edge-IIoTset-calibrated,131,FedAvg,0.1,20,7200,3600,91.16666666666666,91.5515445519449,89.78225434546415,90.5556034403044,95.45098155071057,8.57,nan,nan,nan,0,0,0,0,20,2
Edge-IIoTset-calibrated,131,FedProx,0.1,20,7200,3600,92.69444444444444,92.47080839353191,92.06156505657572,92.2592800226221,96.95791388258398,8.38,nan,nan,nan,0,0,0,0,20,2
Edge-IIoTset-calibrated,131,BC-FL,0.1,20,7200,3600,95.38888888888889,95.13656557996998,94.69319344077591,94.90406445429366,98.2613485423386,4.99,nan,nan,nan,0,0,0,0,20,2
Edge-IIoTset-calibrated,131,TrustAgent-IIoT,0.1,20,7200,3600,97.61111111111111,97.43554239330014,97.33051780294988,97.38037143667226,98.93324071306206,1.46,nan,nan,nan,0,0,0,0,15,2
Edge-IIoTset-calibrated,131,FedAvg,0.2,20,7200,3600,87.27777777777777,87.36539086530077,85.65116664015704,86.40429955656407,93.95143499872304,8.57,nan,nan,nan,0,0,0,0,20,4
Edge-IIoTset-calibrated,131,FedProx,0.2,20,7200,3600,89.0,88.45106112117253,88.56278693815023,88.4939074985872,94.85382181067448,8.38,nan,nan,nan,0,0,0,0,20,4
Edge-IIoTset-calibrated,131,BC-FL,0.2,20,7200,3600,92.72222222222221,92.46789458281121,91.99141238221875,92.218086443883,96.37107479812525,4.99,nan,nan,nan,0,0,0,0,20,4
Edge-IIoTset-calibrated,131,TrustAgent-IIoT,0.2,20,7200,3600,96.72222222222221,96.37104195554268,96.5071192525757,96.42852241233382,98.6369154495355,1.46,nan,nan,nan,0,0,0,0,15,4
Edge-IIoTset-calibrated,131,FedAvg,0.3,20,7200,3600,79.44444444444444,79.24015184229178,77.4209910466203,78.12916196201695,89.82628256983158,8.57,nan,nan,nan,0,0,0,0,20,6
Edge-IIoTset-calibrated,131,FedProx,0.3,20,7200,3600,83.22222222222221,82.00433468051727,82.71425227325511,82.31607899031731,92.43888558688379,8.38,nan,nan,nan,0,0,0,0,20,6
Edge-IIoTset-calibrated,131,BC-FL,0.3,20,7200,3600,87.22222222222223,86.60591780607525,86.03293411214452,86.30228538962875,94.5110438789183,4.99,nan,nan,nan,0,0,0,0,20,6
Edge-IIoTset-calibrated,131,TrustAgent-IIoT,0.3,20,7200,3600,94.1388888888889,93.54139691058964,93.85398973740064,93.6938135597613,97.75713301128741,1.46,nan,nan,nan,0,0,0,0,14,6
Edge-IIoTset-calibrated,173,Local-only,0.0,20,7200,3600,92.91666666666667,92.83272295917484,92.56747226946051,92.68960463316198,95.95475286888949,0.08000000000000002,8.349999999999993,0.0,0.0,0,0,1095,2505,20,0
Edge-IIoTset-calibrated,173,FedAvg,0.0,20,7200,3600,94.41666666666667,94.49658974753639,94.18619176145543,94.32105039640781,96.92714451371947,8.569999999999999,32.06999999999998,0.0,0.0,0,0,1083,2517,20,0
Edge-IIoTset-calibrated,173,FedProx,0.0,20,7200,3600,95.30555555555556,95.32949639163105,95.10175187778965,95.2052813018616,97.77969319448209,8.379999999999999,32.770000000000024,0.0,0.0,0,0,1108,2492,20,0
Edge-IIoTset-calibrated,173,FD-only,0.0,20,7200,3600,96.22222222222221,96.31348919623406,96.00909736530005,96.14909684419004,98.24275812475528,1.8500000000000005,22.63,0.0,0.0,0,0,1095,2505,20,0
Edge-IIoTset-calibrated,173,BC-FL,0.0,20,7200,3600,97.11111111111111,97.16857525069491,97.00804688995652,97.08173860663136,97.95121005391404,4.990000000000001,27.600000000000016,60.91234347048301,5.358581788879936,681,133,437,2349,20,0
Edge-IIoTset-calibrated,173,TrustAgent-IIoT,0.0,20,7200,3600,98.11111111111111,98.08775916185758,98.0389189179561,98.06212364445929,98.99640635824221,1.4600000000000002,20.489999999999984,96.06440071556351,2.3771152296535054,1074,59,44,2423,15,0
Edge-IIoTset-calibrated,173,FedAvg,0.1,20,7200,3600,90.83333333333333,90.97097183404745,90.44123112773784,90.65466631403395,94.89644984337822,8.57,nan,nan,nan,0,0,0,0,20,2
Edge-IIoTset-calibrated,173,FedProx,0.1,20,7200,3600,91.69444444444444,91.52964166798235,91.55659534424949,91.53193346395382,96.15053010451491,8.38,nan,nan,nan,0,0,0,0,20,2
Edge-IIoTset-calibrated,173,BC-FL,0.1,20,7200,3600,95.13888888888889,95.13214931175929,94.96473696331032,95.03818242853895,97.09294336013976,4.99,nan,nan,nan,0,0,0,0,20,2
Edge-IIoTset-calibrated,173,TrustAgent-IIoT,0.1,20,7200,3600,97.16666666666667,97.08655460753144,97.02166436185011,97.04527947847838,99.12370862323424,1.46,nan,nan,nan,0,0,0,0,15,2
Edge-IIoTset-calibrated,173,FedAvg,0.2,20,7200,3600,85.83333333333333,86.07442531107885,85.1486939266552,85.53069601222985,93.05795570916538,8.57,nan,nan,nan,0,0,0,0,20,4
Edge-IIoTset-calibrated,173,FedProx,0.2,20,7200,3600,87.77777777777777,87.68721658554274,87.66673011130102,87.66804095281022,93.44019193698985,8.38,nan,nan,nan,0,0,0,0,20,4
Edge-IIoTset-calibrated,173,BC-FL,0.2,20,7200,3600,91.27777777777779,91.42437860826122,91.1508257400168,91.27119546159891,95.60496577663324,4.99,nan,nan,nan,0,0,0,0,20,4
Edge-IIoTset-calibrated,173,TrustAgent-IIoT,0.2,20,7200,3600,95.5,95.48552250712488,95.40595893941037,95.43622609481184,97.85475682208367,1.46,nan,nan,nan,0,0,0,0,15,4
Edge-IIoTset-calibrated,173,FedAvg,0.3,20,7200,3600,79.22222222222223,79.38588639309484,78.66825874897506,78.97984021384029,89.19792043161351,8.57,nan,nan,nan,0,0,0,0,20,6
Edge-IIoTset-calibrated,173,FedProx,0.3,20,7200,3600,82.02777777777777,81.67166897926069,81.92011930883157,81.77722746676693,91.88296286256438,8.38,nan,nan,nan,0,0,0,0,20,6
Edge-IIoTset-calibrated,173,BC-FL,0.3,20,7200,3600,85.33333333333334,85.25020729667987,85.0026484998762,85.10021403994928,92.72009879220505,4.99,nan,nan,nan,0,0,0,0,20,6
Edge-IIoTset-calibrated,173,TrustAgent-IIoT,0.3,20,7200,3600,93.97222222222223,93.83376910788374,93.75753755282969,93.79230776066467,97.22899912653233,1.46,nan,nan,nan,0,0,0,0,14,6
Edge-IIoTset-calibrated,211,Local-only,0.0,20,7200,3600,93.08333333333333,92.99322899876748,92.41125570406066,92.69084123146905,95.96758219796303,0.08000000000000002,8.349999999999993,0.0,0.0,0,0,1033,2567,20,0
Edge-IIoTset-calibrated,211,FedAvg,0.0,20,7200,3600,95.08333333333333,95.06226408597811,94.37295687806197,94.70241694980405,97.20448051693893,8.569999999999999,32.06999999999997,0.0,0.0,0,0,1024,2576,20,0
Edge-IIoTset-calibrated,211,FedProx,0.0,20,7200,3600,95.80555555555556,95.64906266316781,95.39270329972823,95.51667883998725,97.97795956354022,8.379999999999999,32.77000000000002,0.0,0.0,0,0,1037,2563,20,0
Edge-IIoTset-calibrated,211,FD-only,0.0,20,7200,3600,96.83333333333334,96.97770607951284,96.29045640882067,96.61895737715335,98.69462561740146,1.8500000000000005,22.629999999999992,0.0,0.0,0,0,1021,2579,20,0
Edge-IIoTset-calibrated,211,BC-FL,0.0,20,7200,3600,97.38888888888889,97.37711772266843,97.06043399514766,97.2132625968542,98.35094061678272,4.990000000000001,27.600000000000012,61.568247821878025,5.6486170627191274,636,145,397,2422,20,0
Edge-IIoTset-calibrated,211,TrustAgent-IIoT,0.0,20,7200,3600,98.27777777777777,98.11749976126036,98.04959705298873,98.0813968881263,99.02312885795605,1.4600000000000002,20.489999999999988,95.49808429118774,2.269170579029734,997,58,47,2498,15,0
Edge-IIoTset-calibrated,211,FedAvg,0.1,20,7200,3600,91.16666666666666,91.34680956280882,90.15693362392534,90.69779091475473,95.5544525058009,8.57,nan,nan,nan,0,0,0,0,20,2
Edge-IIoTset-calibrated,211,FedProx,0.1,20,7200,3600,92.5,92.0531201404882,92.11792895190285,92.06966911949857,96.57845036137729,8.38,nan,nan,nan,0,0,0,0,20,2
Edge-IIoTset-calibrated,211,BC-FL,0.1,20,7200,3600,95.38888888888889,95.28060580067125,95.04918302572729,95.15847426187341,97.72002778578378,4.99,nan,nan,nan,0,0,0,0,20,2
Edge-IIoTset-calibrated,211,TrustAgent-IIoT,0.1,20,7200,3600,97.36111111111111,97.25264376131328,97.16395140545816,97.20307734497051,98.66950059521199,1.46,nan,nan,nan,0,0,0,0,15,2
Edge-IIoTset-calibrated,211,FedAvg,0.2,20,7200,3600,87.55555555555556,87.39380569975947,86.50197544025285,86.91220454301323,93.80690936133419,8.57,nan,nan,nan,0,0,0,0,20,4
Edge-IIoTset-calibrated,211,FedProx,0.2,20,7200,3600,89.05555555555556,88.4312079844224,88.70519420992701,88.55038367479976,94.78032111794685,8.38,nan,nan,nan,0,0,0,0,20,4
Edge-IIoTset-calibrated,211,BC-FL,0.2,20,7200,3600,92.44444444444444,92.06247724483009,92.06263175214805,92.06115371300284,95.74171398117541,4.99,nan,nan,nan,0,0,0,0,20,4
Edge-IIoTset-calibrated,211,TrustAgent-IIoT,0.2,20,7200,3600,96.41666666666666,96.12714415119335,96.14382407468013,96.1311755084118,98.55172334721436,1.46,nan,nan,nan,0,0,0,0,15,4
Edge-IIoTset-calibrated,211,FedAvg,0.3,20,7200,3600,80.8611111111111,80.66377806432484,79.30054977091793,79.86140379615404,90.95748276929537,8.57,nan,nan,nan,0,0,0,0,20,6
Edge-IIoTset-calibrated,211,FedProx,0.3,20,7200,3600,83.41666666666666,82.40499401241533,82.9800044801485,82.649948225173,92.13879370636974,8.38,nan,nan,nan,0,0,0,0,20,6
Edge-IIoTset-calibrated,211,BC-FL,0.3,20,7200,3600,87.8888888888889,87.5820627022328,87.34665620603074,87.43618596827616,92.9954166108223,4.99,nan,nan,nan,0,0,0,0,20,6
Edge-IIoTset-calibrated,211,TrustAgent-IIoT,0.3,20,7200,3600,94.72222222222221,94.33914566688435,94.43599863046146,94.37571539172819,97.74568654172553,1.46,nan,nan,nan,0,0,0,0,14,6
Edge-IIoTset-calibrated,257,Local-only,0.0,20,7200,3600,91.97222222222223,92.23701104163808,91.38132989257963,91.76718233200678,95.8263036869889,0.08000000000000002,8.34999999999999,0.0,0.0,0,0,1156,2444,20,0
Edge-IIoTset-calibrated,257,FedAvg,0.0,20,7200,3600,94.55555555555556,94.4697935589234,94.19749185521782,94.31979331013808,96.7524041054776,8.569999999999999,32.06999999999998,0.0,0.0,0,0,1164,2436,20,0
Edge-IIoTset-calibrated,257,FedProx,0.0,20,7200,3600,94.97222222222223,94.76076921010794,94.73712858284775,94.74627808787737,96.6564099855371,8.379999999999999,32.77000000000002,0.0,0.0,0,0,1195,2405,20,0
Edge-IIoTset-calibrated,257,FD-only,0.0,20,7200,3600,96.36111111111111,96.56089438299638,96.06132815875587,96.29737735203808,97.74374650569317,1.8500000000000005,22.630000000000003,0.0,0.0,0,0,1166,2434,20,0
Edge-IIoTset-calibrated,257,BC-FL,0.0,20,7200,3600,96.63888888888889,96.61340219163462,96.50325022757936,96.55404559982284,97.76964186516417,4.990000000000001,27.600000000000012,59.831932773109244,5.975103734439834,712,144,478,2266,20,0
Edge-IIoTset-calibrated,257,TrustAgent-IIoT,0.0,20,7200,3600,97.77777777777777,97.68688738630044,97.6776593589545,97.68021098077708,98.76246144232452,1.4600000000000002,20.48999999999999,94.76351351351352,1.9867549668874172,1122,48,62,2368,15,0
Edge-IIoTset-calibrated,257,FedAvg,0.1,20,7200,3600,90.80555555555556,91.07260548615395,90.2519672196849,90.62772422576138,95.1874022769116,8.57,nan,nan,nan,0,0,0,0,20,2
Edge-IIoTset-calibrated,257,FedProx,0.1,20,7200,3600,92.38888888888889,92.09700848610811,92.15681841767514,92.1240233864226,96.68194724150635,8.38,nan,nan,nan,0,0,0,0,20,2
Edge-IIoTset-calibrated,257,BC-FL,0.1,20,7200,3600,94.44444444444444,94.32376973919317,94.10370178909471,94.21016961500018,97.67212580534121,4.99,nan,nan,nan,0,0,0,0,20,2
Edge-IIoTset-calibrated,257,TrustAgent-IIoT,0.1,20,7200,3600,97.16666666666667,97.02447390086546,97.03015688822775,97.02463926629848,98.93898408722328,1.46,nan,nan,nan,0,0,0,0,15,2
Edge-IIoTset-calibrated,257,FedAvg,0.2,20,7200,3600,85.91666666666666,85.7326605827389,85.35245795542711,85.52844746593088,92.69245041721295,8.57,nan,nan,nan,0,0,0,0,20,4
Edge-IIoTset-calibrated,257,FedProx,0.2,20,7200,3600,87.05555555555556,86.40901731083402,86.72488734531892,86.54663186318751,94.67175561584625,8.38,nan,nan,nan,0,0,0,0,20,4
Edge-IIoTset-calibrated,257,BC-FL,0.2,20,7200,3600,91.36111111111111,91.03723067398401,91.0919201452163,91.06391551203048,95.08534277891003,4.99,nan,nan,nan,0,0,0,0,20,4
Edge-IIoTset-calibrated,257,TrustAgent-IIoT,0.2,20,7200,3600,94.80555555555556,94.65293021193388,94.53017907923108,94.5877889838808,98.02913261512693,1.46,nan,nan,nan,0,0,0,0,15,4
Edge-IIoTset-calibrated,257,FedAvg,0.3,20,7200,3600,78.72222222222223,78.81318112817432,77.67046866766093,78.11496132589669,89.68724583044427,8.57,nan,nan,nan,0,0,0,0,20,6
Edge-IIoTset-calibrated,257,FedProx,0.3,20,7200,3600,83.05555555555556,82.58678675365965,82.98997948474549,82.72818716129066,91.75032486702051,8.38,nan,nan,nan,0,0,0,0,20,6
Edge-IIoTset-calibrated,257,BC-FL,0.3,20,7200,3600,86.02777777777779,85.63621024514538,85.67676770890372,85.63610179409581,93.07582259731575,4.99,nan,nan,nan,0,0,0,0,20,6
Edge-IIoTset-calibrated,257,TrustAgent-IIoT,0.3,20,7200,3600,93.25,93.00823024698174,92.94368953176851,92.97459360936196,97.33349418148954,1.46,nan,nan,nan,0,0,0,0,14,6
Edge-IIoTset-calibrated,307,Local-only,0.0,20,7200,3600,92.80555555555556,92.89187523157459,91.97306902601338,92.39070716966098,96.62645181081251,0.08000000000000002,8.349999999999993,0.0,0.0,0,0,987,2613,20,0
Edge-IIoTset-calibrated,307,FedAvg,0.0,20,7200,3600,94.55555555555556,94.76669126533021,93.92031925570609,94.31716560405965,97.38144427741217,8.569999999999999,32.06999999999998,0.0,0.0,0,0,1005,2595,20,0
Edge-IIoTset-calibrated,307,FedProx,0.0,20,7200,3600,95.25,95.03807189938883,95.0612128169026,95.03453876505242,97.84738805400998,8.379999999999999,32.770000000000024,0.0,0.0,0,0,1020,2580,20,0
Edge-IIoTset-calibrated,307,FD-only,0.0,20,7200,3600,96.72222222222221,96.78388654359054,96.34927115788533,96.55904203769526,98.47130867620615,1.8500000000000005,22.629999999999995,0.0,0.0,0,0,1014,2586,20,0
Edge-IIoTset-calibrated,307,BC-FL,0.0,20,7200,3600,96.97222222222223,96.92179101563823,96.66393810295637,96.78838325532544,98.73067712473244,4.990000000000001,27.600000000000016,58.966861598440545,4.972804972804973,605,128,421,2446,20,0
Edge-IIoTset-calibrated,307,TrustAgent-IIoT,0.0,20,7200,3600,98.08333333333333,98.01353680938183,97.88393699574523,97.94562172777644,99.44863814086865,1.4600000000000002,20.489999999999984,96.41472868217055,2.0249221183800623,995,52,37,2516,15,0
Edge-IIoTset-calibrated,307,FedAvg,0.1,20,7200,3600,91.30555555555556,91.33346214672189,90.60921131568283,90.94636964690673,95.73638352719057,8.57,nan,nan,nan,0,0,0,0,20,2
Edge-IIoTset-calibrated,307,FedProx,0.1,20,7200,3600,92.36111111111111,91.9314271649978,92.12354676484959,92.01056729232587,96.32996717166154,8.38,nan,nan,nan,0,0,0,0,20,2
Edge-IIoTset-calibrated,307,BC-FL,0.1,20,7200,3600,94.61111111111111,94.53752978690592,94.22294062283261,94.37414623670568,97.59219305842495,4.99,nan,nan,nan,0,0,0,0,20,2
Edge-IIoTset-calibrated,307,TrustAgent-IIoT,0.1,20,7200,3600,97.36111111111111,97.18258998027409,97.08894317402353,97.13359813345356,99.09183969195257,1.46,nan,nan,nan,0,0,0,0,15,2
Edge-IIoTset-calibrated,307,FedAvg,0.2,20,7200,3600,86.72222222222223,86.53496811729147,85.62045942779079,86.03142524262555,93.76536974674555,8.57,nan,nan,nan,0,0,0,0,20,4
Edge-IIoTset-calibrated,307,FedProx,0.2,20,7200,3600,88.33333333333333,87.94259093321593,88.01570852655585,87.96289703808216,93.89046740978138,8.38,nan,nan,nan,0,0,0,0,20,4
Edge-IIoTset-calibrated,307,BC-FL,0.2,20,7200,3600,91.52777777777777,91.33823739169208,91.07087784523384,91.19543358587133,95.91764273209058,4.99,nan,nan,nan,0,0,0,0,20,4
Edge-IIoTset-calibrated,307,TrustAgent-IIoT,0.2,20,7200,3600,95.58333333333333,95.23863215596057,95.40173305493286,95.31595121244933,98.1684473399216,1.46,nan,nan,nan,0,0,0,0,15,4
Edge-IIoTset-calibrated,307,FedAvg,0.3,20,7200,3600,79.13888888888889,79.32469024802509,77.84469745838116,78.37359305421818,90.33983346863512,8.57,nan,nan,nan,0,0,0,0,20,6
Edge-IIoTset-calibrated,307,FedProx,0.3,20,7200,3600,82.0,81.3483587999216,81.3708893489575,81.34133821369619,92.07863802223243,8.38,nan,nan,nan,0,0,0,0,20,6
Edge-IIoTset-calibrated,307,BC-FL,0.3,20,7200,3600,85.91666666666666,85.39216144364153,85.05985731012996,85.20823612800085,94.0707521028271,4.99,nan,nan,nan,0,0,0,0,20,6
Edge-IIoTset-calibrated,307,TrustAgent-IIoT,0.3,20,7200,3600,93.47222222222223,93.07988753195548,93.19468778168381,93.1296311839949,98.1879163919673,1.46,nan,nan,nan,0,0,0,0,14,6
TON_IoT-calibrated,11,Local-only,0.0,20,7200,3600,91.97222222222223,91.89801290366957,90.47170476245964,91.14022147260373,96.21944006309148,0.08000000000000002,8.349999999999993,0.0,0.0,0,0,811,2789,20,0
TON_IoT-calibrated,11,FedAvg,0.0,20,7200,3600,94.19444444444444,94.55231437593518,92.8266511981578,93.63758482810715,96.86241802258012,8.569999999999999,32.069999999999986,0.0,0.0,0,0,813,2787,20,0
TON_IoT-calibrated,11,FedProx,0.0,20,7200,3600,94.86111111111111,94.33187126508203,94.40974024815054,94.36712856046776,97.69332884656437,8.379999999999999,32.770000000000024,0.0,0.0,0,0,854,2746,20,0
TON_IoT-calibrated,11,FD-only,0.0,20,7200,3600,95.94444444444444,96.10103201934089,94.96846368368416,95.51289364610301,98.2876095502953,1.8500000000000005,22.630000000000003,0.0,0.0,0,0,814,2786,20,0
TON_IoT-calibrated,11,BC-FL,0.0,20,7200,3600,96.55555555555554,96.42361802567495,95.8185427549453,96.11166353473395,98.30358254666635,4.990000000000001,27.600000000000012,58.608058608058606,5.825242718446602,480,162,339,2619,20,0
TON_IoT-calibrated,11,TrustAgent-IIoT,0.0,20,7200,3600,97.88888888888889,97.68146885288222,97.39047058626383,97.53231922098396,99.13130618343968,1.4600000000000002,20.489999999999988,96.05734767025089,2.4610930148389434,804,68,33,2695,15,0
TON_IoT-calibrated,11,FedAvg,0.1,20,7200,3600,90.88888888888889,91.29883399505853,89.16431318527022,90.13018543472768,95.14932342686369,8.57,nan,nan,nan,0,0,0,0,20,2
TON_IoT-calibrated,11,FedProx,0.1,20,7200,3600,91.16666666666666,90.25644556054102,90.43884046141088,90.34193099799846,96.12675221175968,8.38,nan,nan,nan,0,0,0,0,20,2
TON_IoT-calibrated,11,BC-FL,0.1,20,7200,3600,94.66666666666667,94.30564311429893,93.70231748068556,93.99334999918186,98.04962672849315,4.99,nan,nan,nan,0,0,0,0,20,2
TON_IoT-calibrated,11,TrustAgent-IIoT,0.1,20,7200,3600,96.44444444444444,95.97454353224393,95.87019697129278,95.9195528432122,98.69783019259505,1.46,nan,nan,nan,0,0,0,0,15,2
TON_IoT-calibrated,11,FedAvg,0.2,20,7200,3600,86.47222222222221,87.01038328989054,84.49393365360692,85.6416275889498,93.32243512962216,8.57,nan,nan,nan,0,0,0,0,20,4
TON_IoT-calibrated,11,FedProx,0.2,20,7200,3600,88.97222222222221,87.84332310372481,88.04117798099902,87.93298518745829,94.67233862455824,8.38,nan,nan,nan,0,0,0,0,20,4
TON_IoT-calibrated,11,BC-FL,0.2,20,7200,3600,91.16666666666666,90.3746692900969,90.0352199897318,90.18823958693032,95.49231665520269,4.99,nan,nan,nan,0,0,0,0,20,4
TON_IoT-calibrated,11,TrustAgent-IIoT,0.2,20,7200,3600,95.69444444444444,95.28808390382116,95.16614537791571,95.22104859873392,98.27256306183439,1.46,nan,nan,nan,0,0,0,0,15,4
TON_IoT-calibrated,11,FedAvg,0.3,20,7200,3600,79.52777777777777,79.98141363155831,76.65667937050165,78.09062244357042,89.31973565617514,8.57,nan,nan,nan,0,0,0,0,20,6
TON_IoT-calibrated,11,FedProx,0.3,20,7200,3600,82.16666666666667,80.94693421503575,81.52740987700987,81.21314703436681,90.98826522141316,8.38,nan,nan,nan,0,0,0,0,20,6
TON_IoT-calibrated,11,BC-FL,0.3,20,7200,3600,86.47222222222221,85.70458296215881,84.74946643825889,85.2027374289687,94.12293796399516,4.99,nan,nan,nan,0,0,0,0,20,6
TON_IoT-calibrated,11,TrustAgent-IIoT,0.3,20,7200,3600,93.0,92.34881956113989,92.39584440754224,92.36734947832682,97.1915877528996,1.46,nan,nan,nan,0,0,0,0,14,6
TON_IoT-calibrated,29,Local-only,0.0,20,7200,3600,91.77777777777779,91.96245202706933,90.9769904942858,91.43057315629127,95.42248163847108,0.08000000000000002,8.349999999999993,0.0,0.0,0,0,943,2657,20,0
TON_IoT-calibrated,29,FedAvg,0.0,20,7200,3600,93.77777777777779,93.94859843038988,92.98060631985658,93.43547924966016,96.69841569637806,8.569999999999999,32.06999999999998,0.0,0.0,0,0,942,2658,20,0
TON_IoT-calibrated,29,FedProx,0.0,20,7200,3600,94.05555555555556,93.7153691082818,93.66503676498931,93.67915630592574,97.74419249428239,8.379999999999999,32.77000000000002,0.0,0.0,0,0,950,2650,20,0
TON_IoT-calibrated,29,FD-only,0.0,20,7200,3600,96.08333333333333,96.29677900774972,95.71427816675289,95.99419973181995,97.47779444531213,1.8500000000000005,22.629999999999995,0.0,0.0,0,0,944,2656,20,0
TON_IoT-calibrated,29,BC-FL,0.0,20,7200,3600,96.33333333333334,96.31356013194888,96.0718032151098,96.18491904153998,97.83178785336283,4.990000000000001,27.600000000000016,59.536354056902,5.545077329309694,565,147,384,2504,20,0
TON_IoT-calibrated,29,TrustAgent-IIoT,0.0,20,7200,3600,97.38888888888889,97.22817560093648,97.36361455328908,97.28778597047253,98.69660284978515,1.4600000000000002,20.489999999999988,96.67359667359668,1.9332827899924185,930,51,32,2587,15,0
TON_IoT-calibrated,29,FedAvg,0.1,20,7200,3600,90.08333333333334,90.44950843457144,89.07173288487292,89.71481227872731,94.72815574337808,8.57,nan,nan,nan,0,0,0,0,20,2
TON_IoT-calibrated,29,FedProx,0.1,20,7200,3600,90.94444444444446,90.37349222023894,90.45857692678074,90.39269648254297,96.03125021439777,8.38,nan,nan,nan,0,0,0,0,20,2
TON_IoT-calibrated,29,BC-FL,0.1,20,7200,3600,93.94444444444444,94.16300664615827,93.43104664906858,93.78160339035648,96.02366305590564,4.99,nan,nan,nan,0,0,0,0,20,2
TON_IoT-calibrated,29,TrustAgent-IIoT,0.1,20,7200,3600,96.61111111111111,96.41431534545045,96.48792806326655,96.44647107897111,98.12665792529151,1.46,nan,nan,nan,0,0,0,0,15,2
TON_IoT-calibrated,29,FedAvg,0.2,20,7200,3600,83.44444444444444,83.82947572269339,81.64218482794334,82.58972808738648,93.5177416419176,8.57,nan,nan,nan,0,0,0,0,20,4
TON_IoT-calibrated,29,FedProx,0.2,20,7200,3600,86.41666666666666,85.55122956790183,86.01931010723604,85.76283483501761,94.03023805516914,8.38,nan,nan,nan,0,0,0,0,20,4
TON_IoT-calibrated,29,BC-FL,0.2,20,7200,3600,90.19444444444444,89.98218806567495,89.62560767372807,89.79954786226087,94.62159248806738,4.99,nan,nan,nan,0,0,0,0,20,4
TON_IoT-calibrated,29,TrustAgent-IIoT,0.2,20,7200,3600,95.41666666666667,94.93073787509202,95.19394674672445,95.0508475442297,97.94680594752512,1.46,nan,nan,nan,0,0,0,0,15,4
TON_IoT-calibrated,29,FedAvg,0.3,20,7200,3600,77.63888888888889,78.16251197013858,75.21080406151027,76.41994054644718,90.3530490489618,8.57,nan,nan,nan,0,0,0,0,20,6
TON_IoT-calibrated,29,FedProx,0.3,20,7200,3600,82.05555555555556,81.01563121863524,81.03180796654773,80.96469190253659,93.23419177188804,8.38,nan,nan,nan,0,0,0,0,20,6
TON_IoT-calibrated,29,BC-FL,0.3,20,7200,3600,85.66666666666667,85.01919168303823,84.53698319676502,84.76745048976451,93.40792962991213,4.99,nan,nan,nan,0,0,0,0,20,6
TON_IoT-calibrated,29,TrustAgent-IIoT,0.3,20,7200,3600,92.41666666666667,91.84052499238341,92.22518353650479,92.02088436728654,96.29599361710113,1.46,nan,nan,nan,0,0,0,0,14,6
TON_IoT-calibrated,47,Local-only,0.0,20,7200,3600,92.0,92.00713685143528,90.5049828113279,91.21554973476665,96.53455692089734,0.08000000000000002,8.349999999999993,0.0,0.0,0,0,870,2730,20,0
TON_IoT-calibrated,47,FedAvg,0.0,20,7200,3600,94.30555555555556,94.71088060220193,93.23316981364677,93.93644418620661,97.15856535687524,8.569999999999999,32.06999999999998,0.0,0.0,0,0,876,2724,20,0
TON_IoT-calibrated,47,FedProx,0.0,20,7200,3600,95.25,94.93237325986807,94.52200597835504,94.72244909957627,98.15404441035969,8.379999999999999,32.770000000000024,0.0,0.0,0,0,905,2695,20,0
TON_IoT-calibrated,47,FD-only,0.0,20,7200,3600,96.25,96.51457699455068,95.37581320494198,95.92602961546122,98.36470602870926,1.8500000000000005,22.63,0.0,0.0,0,0,892,2708,20,0
TON_IoT-calibrated,47,BC-FL,0.0,20,7200,3600,96.52777777777779,96.39048996238829,95.75199240632901,96.0641165911585,98.15117216771263,4.990000000000001,27.600000000000016,56.99888017917133,5.725895825637237,509,155,384,2552,20,0
TON_IoT-calibrated,47,TrustAgent-IIoT,0.0,20,7200,3600,97.97222222222223,97.67720586766472,97.58245483712696,97.62621123146165,99.23312950777444,1.4600000000000002,20.489999999999988,95.48458149779735,2.674591381872214,867,72,41,2620,15,0
TON_IoT-calibrated,47,FedAvg,0.1,20,7200,3600,90.88888888888889,91.21443648636769,89.08059979415044,90.07620169067553,95.9334532479393,8.57,nan,nan,nan,0,0,0,0,20,2
TON_IoT-calibrated,47,FedProx,0.1,20,7200,3600,92.22222222222223,91.64284820725199,91.41942387055481,91.51213366212467,96.52850142843762,8.38,nan,nan,nan,0,0,0,0,20,2
TON_IoT-calibrated,47,BC-FL,0.1,20,7200,3600,94.88888888888889,94.60534822645636,94.19909087774471,94.39533916734653,97.56002072405396,4.99,nan,nan,nan,0,0,0,0,20,2
TON_IoT-calibrated,47,TrustAgent-IIoT,0.1,20,7200,3600,97.19444444444446,96.90382293310226,96.63845483810958,96.76552915194208,99.16496405488947,1.46,nan,nan,nan,0,0,0,0,15,2
TON_IoT-calibrated,47,FedAvg,0.2,20,7200,3600,85.27777777777777,86.01777427834784,82.90832378012773,84.29394536629991,93.16570900852379,8.57,nan,nan,nan,0,0,0,0,20,4
TON_IoT-calibrated,47,FedProx,0.2,20,7200,3600,87.97222222222221,87.02593041108007,86.83898110874101,86.91824382101842,95.09146537795054,8.38,nan,nan,nan,0,0,0,0,20,4
TON_IoT-calibrated,47,BC-FL,0.2,20,7200,3600,91.22222222222223,90.74298609723218,89.92007153899955,90.3037105595482,96.3618747658299,4.99,nan,nan,nan,0,0,0,0,20,4
TON_IoT-calibrated,47,TrustAgent-IIoT,0.2,20,7200,3600,95.72222222222221,95.16716824921846,95.20974742140764,95.18674359855012,98.06774906917384,1.46,nan,nan,nan,0,0,0,0,15,4
TON_IoT-calibrated,47,FedAvg,0.3,20,7200,3600,79.19444444444444,79.52533777490942,75.99622308672895,77.53755263517431,90.7520006908018,8.57,nan,nan,nan,0,0,0,0,20,6
TON_IoT-calibrated,47,FedProx,0.3,20,7200,3600,83.16666666666667,81.97479132280107,81.77920350950248,81.87165876816546,92.04015578165979,8.38,nan,nan,nan,0,0,0,0,20,6
TON_IoT-calibrated,47,BC-FL,0.3,20,7200,3600,86.97222222222221,86.21239522230987,85.5139708767632,85.83310366963032,94.35132320742787,4.99,nan,nan,nan,0,0,0,0,20,6
TON_IoT-calibrated,47,TrustAgent-IIoT,0.3,20,7200,3600,93.72222222222221,92.9952101771627,93.26208295987053,93.12385141719845,97.66949524634695,1.46,nan,nan,nan,0,0,0,0,14,6
TON_IoT-calibrated,71,Local-only,0.0,20,7200,3600,92.36111111111111,92.33207564764864,90.0405345098039,91.09934719102573,96.32850554268416,0.08000000000000002,8.349999999999993,0.0,0.0,0,0,754,2846,20,0
TON_IoT-calibrated,71,FedAvg,0.0,20,7200,3600,93.69444444444444,94.1485333155626,91.77146265450563,92.89474308189357,97.37007194576208,8.569999999999999,32.06999999999998,0.0,0.0,0,0,743,2857,20,0
TON_IoT-calibrated,71,FedProx,0.0,20,7200,3600,94.75,94.18311695864361,93.83919922292601,94.00095833041455,97.56210354929715,8.379999999999999,32.770000000000024,0.0,0.0,0,0,795,2805,20,0
TON_IoT-calibrated,71,FD-only,0.0,20,7200,3600,96.5,96.83242486019817,95.3431787418771,96.06194156202803,98.21313338909682,1.8500000000000005,22.63,0.0,0.0,0,0,774,2826,20,0
TON_IoT-calibrated,71,BC-FL,0.0,20,7200,3600,96.52777777777779,96.41634034765964,95.65562107571914,96.0230383576728,98.19803453993077,4.990000000000001,27.600000000000016,57.7120822622108,6.236711552090716,449,176,329,2646,20,0
TON_IoT-calibrated,71,TrustAgent-IIoT,0.0,20,7200,3600,97.77777777777777,97.33224247669946,97.34920384657683,97.33595246420148,99.18737349841861,1.4600000000000002,20.489999999999984,96.00499375780275,1.8578063594140763,769,52,32,2747,15,0
TON_IoT-calibrated,71,FedAvg,0.1,20,7200,3600,90.72222222222223,91.02657587025037,88.3802899819477,89.61506876424068,94.99196083721169,8.57,nan,nan,nan,0,0,0,0,20,2
TON_IoT-calibrated,71,FedProx,0.1,20,7200,3600,92.66666666666666,91.77232148545275,91.82836739975806,91.78454474838934,96.72248213557037,8.38,nan,nan,nan,0,0,0,0,20,2
TON_IoT-calibrated,71,BC-FL,0.1,20,7200,3600,94.63888888888889,94.42908377190655,93.35711401721466,93.87056805297163,98.09439305676625,4.99,nan,nan,nan,0,0,0,0,20,2
TON_IoT-calibrated,71,TrustAgent-IIoT,0.1,20,7200,3600,97.13888888888889,96.55385963694397,96.66597623274349,96.60574138387602,98.97090582249582,1.46,nan,nan,nan,0,0,0,0,15,2
TON_IoT-calibrated,71,FedAvg,0.2,20,7200,3600,85.33333333333334,85.80933868889872,81.68138904938445,83.52031782734764,92.6102571854254,8.57,nan,nan,nan,0,0,0,0,20,4
TON_IoT-calibrated,71,FedProx,0.2,20,7200,3600,88.05555555555556,86.46414274802522,87.044160394496,86.73164771690097,94.74963362837377,8.38,nan,nan,nan,0,0,0,0,20,4
TON_IoT-calibrated,71,BC-FL,0.2,20,7200,3600,91.55555555555556,90.97496246248176,89.75126986965715,90.33238538054349,95.7986562532621,4.99,nan,nan,nan,0,0,0,0,20,4
TON_IoT-calibrated,71,TrustAgent-IIoT,0.2,20,7200,3600,95.91666666666666,95.28941785070616,95.52003403381775,95.39431258129882,98.14738306949606,1.46,nan,nan,nan,0,0,0,0,15,4
TON_IoT-calibrated,71,FedAvg,0.3,20,7200,3600,78.08333333333334,77.36315675910726,73.90107118798674,75.41740546879663,88.75069647890092,8.57,nan,nan,nan,0,0,0,0,20,6
TON_IoT-calibrated,71,FedProx,0.3,20,7200,3600,81.30555555555556,78.7723529291034,80.53407235285438,79.57612473326752,90.80107274696701,8.38,nan,nan,nan,0,0,0,0,20,6
TON_IoT-calibrated,71,BC-FL,0.3,20,7200,3600,84.88888888888889,83.65803226681177,82.66013745399115,83.10863057722644,92.48133233194015,4.99,nan,nan,nan,0,0,0,0,20,6
TON_IoT-calibrated,71,TrustAgent-IIoT,0.3,20,7200,3600,92.80555555555556,91.65396339952422,91.87939421524291,91.75599650916857,97.57689737120732,1.46,nan,nan,nan,0,0,0,0,14,6
TON_IoT-calibrated,101,Local-only,0.0,20,7200,3600,91.61111111111111,91.64766358567626,90.25883574727168,90.91194690728346,95.9582528931229,0.08000000000000002,8.34999999999999,0.0,0.0,0,0,832,2768,20,0
TON_IoT-calibrated,101,FedAvg,0.0,20,7200,3600,93.69444444444444,94.22169228853431,92.05121192088113,93.05239590742217,97.02222461073954,8.569999999999999,32.06999999999998,0.0,0.0,0,0,807,2793,20,0
TON_IoT-calibrated,101,FedProx,0.0,20,7200,3600,94.52777777777777,93.75084191264105,93.95043298303099,93.84408812513098,97.39507132793335,8.379999999999999,32.770000000000024,0.0,0.0,0,0,861,2739,20,0
TON_IoT-calibrated,101,FD-only,0.0,20,7200,3600,95.83333333333334,95.96887483708078,94.64023662492508,95.26724068974521,98.08435483161767,1.8500000000000005,22.629999999999995,0.0,0.0,0,0,820,2780,20,0
TON_IoT-calibrated,101,BC-FL,0.0,20,7200,3600,95.86111111111111,95.89200144320087,94.96405318922433,95.39993474255716,97.71137657894252,4.990000000000001,27.600000000000012,61.43712574850299,6.075949367088608,513,168,322,2597,20,0
TON_IoT-calibrated,101,TrustAgent-IIoT,0.0,20,7200,3600,97.63888888888889,97.28998393400052,97.05884840141486,97.16823346588141,99.10469435100205,1.4600000000000002,20.489999999999984,96.27039627039628,2.078774617067834,826,57,32,2685,15,0
TON_IoT-calibrated,101,FedAvg,0.1,20,7200,3600,89.69444444444444,89.52627032257155,87.99370804338417,88.70499870987008,95.18121643261493,8.57,nan,nan,nan,0,0,0,0,20,2
TON_IoT-calibrated,101,FedProx,0.1,20,7200,3600,91.33333333333333,90.3922882914548,90.78247897340856,90.57920881094275,95.50419241160533,8.38,nan,nan,nan,0,0,0,0,20,2
TON_IoT-calibrated,101,BC-FL,0.1,20,7200,3600,94.08333333333333,94.25504420294706,92.93983578078767,93.55600569774288,97.01540355649392,4.99,nan,nan,nan,0,0,0,0,20,2
TON_IoT-calibrated,101,TrustAgent-IIoT,0.1,20,7200,3600,96.75,96.37002418900045,96.28306565190898,96.32516049143263,98.49352413243895,1.46,nan,nan,nan,0,0,0,0,15,2
TON_IoT-calibrated,101,FedAvg,0.2,20,7200,3600,85.0,84.75853220546341,82.86598612096302,83.66829084029689,92.55223555824973,8.57,nan,nan,nan,0,0,0,0,20,4
TON_IoT-calibrated,101,FedProx,0.2,20,7200,3600,86.63888888888889,84.93997967840053,86.03074014719256,85.38384278439764,94.14013188874804,8.38,nan,nan,nan,0,0,0,0,20,4
TON_IoT-calibrated,101,BC-FL,0.2,20,7200,3600,91.19444444444444,90.71142196128582,89.88888638756653,90.26801680573423,95.41187329450156,4.99,nan,nan,nan,0,0,0,0,20,4
TON_IoT-calibrated,101,TrustAgent-IIoT,0.2,20,7200,3600,95.47222222222223,94.86588936079025,94.75508887737583,94.80364264403258,98.51293501132521,1.46,nan,nan,nan,0,0,0,0,15,4
TON_IoT-calibrated,101,FedAvg,0.3,20,7200,3600,78.94444444444444,79.29863544266887,76.17859351487321,77.47709675012709,89.31877398408571,8.57,nan,nan,nan,0,0,0,0,20,6
TON_IoT-calibrated,101,FedProx,0.3,20,7200,3600,81.5,79.90188130591139,80.28994409044753,80.05016832090945,91.0242442441013,8.38,nan,nan,nan,0,0,0,0,20,6
TON_IoT-calibrated,101,BC-FL,0.3,20,7200,3600,85.30555555555556,84.5451293423128,83.88324587744196,84.1898134297754,92.60875823365136,4.99,nan,nan,nan,0,0,0,0,20,6
TON_IoT-calibrated,101,TrustAgent-IIoT,0.3,20,7200,3600,92.72222222222221,91.81207391467031,92.17596805364788,91.98171530057986,96.94916604625764,1.46,nan,nan,nan,0,0,0,0,14,6
TON_IoT-calibrated,131,Local-only,0.0,20,7200,3600,91.52777777777777,91.82499918098401,90.5166547085684,91.12241648074712,95.89594045875077,0.08000000000000002,8.349999999999993,0.0,0.0,0,0,936,2664,20,0
TON_IoT-calibrated,131,FedAvg,0.0,20,7200,3600,94.47222222222223,94.72230429864649,93.67606655873902,94.17559075407821,97.40378130192407,8.569999999999999,32.06999999999998,0.0,0.0,0,0,939,2661,20,0
TON_IoT-calibrated,131,FedProx,0.0,20,7200,3600,95.41666666666667,95.26230967620319,95.07482347728778,95.15336322054881,97.77953220398973,8.379999999999999,32.77000000000002,0.0,0.0,0,0,950,2650,20,0
TON_IoT-calibrated,131,FD-only,0.0,20,7200,3600,95.69444444444444,96.15855778037078,95.07160260921526,95.58954792507333,97.82074701851325,1.8500000000000005,22.629999999999995,0.0,0.0,0,0,947,2653,20,0
TON_IoT-calibrated,131,BC-FL,0.0,20,7200,3600,96.77777777777777,96.8035817810611,96.49250265264887,96.6388364417382,98.13322059560913,4.990000000000001,27.600000000000016,56.19747899159664,5.853474320241692,535,155,417,2493,20,0
TON_IoT-calibrated,131,TrustAgent-IIoT,0.0,20,7200,3600,97.75,97.55242378298357,97.53269770406966,97.52914299640906,99.18262528143465,1.4600000000000002,20.489999999999988,95.9119496855346,2.569916855631141,915,68,39,2578,15,0
TON_IoT-calibrated,131,FedAvg,0.1,20,7200,3600,90.25,90.85865965772635,89.04485638737584,89.86939082413615,95.82174985989717,8.57,nan,nan,nan,0,0,0,0,20,2
TON_IoT-calibrated,131,FedProx,0.1,20,7200,3600,91.30555555555556,90.63724688478167,91.00820847461429,90.78944374727132,95.97624642369065,8.38,nan,nan,nan,0,0,0,0,20,2
TON_IoT-calibrated,131,BC-FL,0.1,20,7200,3600,94.55555555555556,94.49881040042631,94.06033910734956,94.26503953163744,97.1864990020745,4.99,nan,nan,nan,0,0,0,0,20,2
TON_IoT-calibrated,131,TrustAgent-IIoT,0.1,20,7200,3600,97.11111111111111,97.02183808053663,96.89055038669714,96.94744559792916,98.68055569210803,1.46,nan,nan,nan,0,0,0,0,15,2
TON_IoT-calibrated,131,FedAvg,0.2,20,7200,3600,84.16666666666667,84.44254000609851,82.39735101965996,83.30265811314537,93.22334850704446,8.57,nan,nan,nan,0,0,0,0,20,4
TON_IoT-calibrated,131,FedProx,0.2,20,7200,3600,87.3888888888889,86.6523941178783,86.85816356585792,86.74241884772857,95.04863780712017,8.38,nan,nan,nan,0,0,0,0,20,4
TON_IoT-calibrated,131,BC-FL,0.2,20,7200,3600,90.69444444444444,90.4646881193308,90.00526824402361,90.22488863269434,95.37458092045108,4.99,nan,nan,nan,0,0,0,0,20,4
TON_IoT-calibrated,131,TrustAgent-IIoT,0.2,20,7200,3600,96.08333333333333,95.90734643237963,95.86799936058111,95.87930433519006,98.42514575611291,1.46,nan,nan,nan,0,0,0,0,15,4
TON_IoT-calibrated,131,FedAvg,0.3,20,7200,3600,76.80555555555556,77.35322631435281,73.95051623405557,75.30758970341847,89.4643843832034,8.57,nan,nan,nan,0,0,0,0,20,6
TON_IoT-calibrated,131,FedProx,0.3,20,7200,3600,80.8611111111111,79.91005272227343,79.78366949332053,79.82651276066134,92.027548642723,8.38,nan,nan,nan,0,0,0,0,20,6
TON_IoT-calibrated,131,BC-FL,0.3,20,7200,3600,84.66666666666667,84.22552161325119,83.70365814864525,83.94544713186473,92.32122385975951,4.99,nan,nan,nan,0,0,0,0,20,6
TON_IoT-calibrated,131,TrustAgent-IIoT,0.3,20,7200,3600,92.97222222222223,92.40009773416583,92.5786475867994,92.47873802479279,97.5510416769081,1.46,nan,nan,nan,0,0,0,0,14,6
TON_IoT-calibrated,173,Local-only,0.0,20,7200,3600,92.88888888888889,92.71901136895758,91.66728142009835,92.13706553815865,96.48530193408598,0.08000000000000002,8.349999999999993,0.0,0.0,0,0,939,2661,20,0
TON_IoT-calibrated,173,FedAvg,0.0,20,7200,3600,95.11111111111111,95.30542160835083,94.27291225536436,94.74823402460605,97.54889777472025,8.569999999999999,32.06999999999998,0.0,0.0,0,0,938,2662,20,0
TON_IoT-calibrated,173,FedProx,0.0,20,7200,3600,95.08333333333333,94.75939062251808,94.74348814929412,94.74607228032251,98.1595209119701,8.379999999999999,32.770000000000024,0.0,0.0,0,0,966,2634,20,0
TON_IoT-calibrated,173,FD-only,0.0,20,7200,3600,96.58333333333333,96.71186086316322,96.01080705061752,96.34298899693991,98.25906121749536,1.8500000000000005,22.63,0.0,0.0,0,0,947,2653,20,0
TON_IoT-calibrated,173,BC-FL,0.0,20,7200,3600,97.0,97.00996482661789,96.53090193925709,96.7617191513433,98.05969015953418,4.990000000000001,27.600000000000016,58.333333333333336,5.806938159879336,553,154,395,2498,20,0
TON_IoT-calibrated,173,TrustAgent-IIoT,0.0,20,7200,3600,98.25,98.10587080408102,98.05802073558357,98.07755840972716,99.23552298493121,1.4600000000000002,20.489999999999984,96.34273772204807,2.4214907302307984,922,64,35,2579,15,0
TON_IoT-calibrated,173,FedAvg,0.1,20,7200,3600,91.22222222222223,91.38100279679247,90.05738957542937,90.62109276905763,95.56228239821183,8.57,nan,nan,nan,0,0,0,0,20,2
TON_IoT-calibrated,173,FedProx,0.1,20,7200,3600,92.33333333333333,91.79253968606581,91.73677772936327,91.75870436274369,97.36985800050539,8.38,nan,nan,nan,0,0,0,0,20,2
TON_IoT-calibrated,173,BC-FL,0.1,20,7200,3600,95.13888888888889,95.12803846865481,94.59478578652045,94.84849594732471,98.13721873847288,4.99,nan,nan,nan,0,0,0,0,20,2
TON_IoT-calibrated,173,TrustAgent-IIoT,0.1,20,7200,3600,97.80555555555556,97.7053191967355,97.57560385411361,97.63630124038967,99.06944959065656,1.46,nan,nan,nan,0,0,0,0,15,2
TON_IoT-calibrated,173,FedAvg,0.2,20,7200,3600,86.13888888888889,86.13570115913953,84.70042243445678,85.29145863697416,93.05558033574833,8.57,nan,nan,nan,0,0,0,0,20,4
TON_IoT-calibrated,173,FedProx,0.2,20,7200,3600,88.33333333333333,87.5282447607183,87.59062685152776,87.54061194094103,95.83451413833323,8.38,nan,nan,nan,0,0,0,0,20,4
TON_IoT-calibrated,173,BC-FL,0.2,20,7200,3600,91.69444444444444,91.18485710124506,90.88879259691674,91.02811519902944,95.94708306242244,4.99,nan,nan,nan,0,0,0,0,20,4
TON_IoT-calibrated,173,TrustAgent-IIoT,0.2,20,7200,3600,96.05555555555556,95.8112437188058,95.69984981881605,95.74986921891117,98.72892133411393,1.46,nan,nan,nan,0,0,0,0,15,4
TON_IoT-calibrated,173,FedAvg,0.3,20,7200,3600,78.05555555555556,77.87144621243571,75.84593158921969,76.65395519304784,90.87289254833554,8.57,nan,nan,nan,0,0,0,0,20,6
TON_IoT-calibrated,173,FedProx,0.3,20,7200,3600,82.55555555555556,81.44961348967328,81.98814908565502,81.70114582177797,90.39948483016532,8.38,nan,nan,nan,0,0,0,0,20,6
TON_IoT-calibrated,173,BC-FL,0.3,20,7200,3600,85.44444444444444,84.4413077451453,84.29131224575549,84.35499152033589,93.72497747999132,4.99,nan,nan,nan,0,0,0,0,20,6
TON_IoT-calibrated,173,TrustAgent-IIoT,0.3,20,7200,3600,93.0,92.49355117806476,92.51295397858465,92.4936757014136,97.46365160644112,1.46,nan,nan,nan,0,0,0,0,14,6
TON_IoT-calibrated,211,Local-only,0.0,20,7200,3600,92.16666666666666,92.12507315487636,90.36163639368581,91.18361915201267,95.71330671514036,0.08000000000000002,8.349999999999993,0.0,0.0,0,0,1080,2520,20,0
TON_IoT-calibrated,211,FedAvg,0.0,20,7200,3600,94.33333333333334,94.65711264443553,93.00524811412558,93.7912911009546,97.32718113638742,8.569999999999999,32.06999999999997,0.0,0.0,0,0,1096,2504,20,0
TON_IoT-calibrated,211,FedProx,0.0,20,7200,3600,94.58333333333333,93.85570150810759,93.81729598520688,93.83020709437776,98.39436580321966,8.379999999999999,32.77000000000002,0.0,0.0,0,0,1110,2490,20,0
TON_IoT-calibrated,211,FD-only,0.0,20,7200,3600,96.25,96.20249134831839,95.44420450933212,95.81136688456226,98.0519617971098,1.8500000000000005,22.629999999999992,0.0,0.0,0,0,1104,2496,20,0
TON_IoT-calibrated,211,BC-FL,0.0,20,7200,3600,96.08333333333333,95.89307378894979,95.3558803517499,95.61653913570481,98.35097232758748,4.990000000000001,27.600000000000012,59.945750452079565,5.693664795509222,663,142,443,2352,20,0
TON_IoT-calibrated,211,TrustAgent-IIoT,0.0,20,7200,3600,97.80555555555556,97.39050954480379,97.43525788676263,97.41203027198203,99.09686383860651,1.4600000000000002,20.489999999999988,96.13309352517986,2.572347266881029,1069,64,43,2424,15,0
TON_IoT-calibrated,211,FedAvg,0.1,20,7200,3600,90.02777777777777,90.27750015820716,88.0704289443086,89.08786093903612,95.18020577125667,8.57,nan,nan,nan,0,0,0,0,20,2
TON_IoT-calibrated,211,FedProx,0.1,20,7200,3600,91.86111111111111,90.9409952520132,91.12912439174075,91.03192197032882,96.60413923862595,8.38,nan,nan,nan,0,0,0,0,20,2
TON_IoT-calibrated,211,BC-FL,0.1,20,7200,3600,93.88888888888889,93.42142422085037,92.84623814689769,93.12785885162326,97.17428339341515,4.99,nan,nan,nan,0,0,0,0,20,2
TON_IoT-calibrated,211,TrustAgent-IIoT,0.1,20,7200,3600,96.75,96.31134360860759,96.2482620280823,96.27514198221434,98.82072182098376,1.46,nan,nan,nan,0,0,0,0,15,2
TON_IoT-calibrated,211,FedAvg,0.2,20,7200,3600,85.44444444444444,86.20624692365297,82.57345380155535,84.13495972925304,93.73897917226567,8.57,nan,nan,nan,0,0,0,0,20,4
TON_IoT-calibrated,211,FedProx,0.2,20,7200,3600,86.33333333333333,84.74273128787918,85.26749025235645,84.98393106546527,94.4238438832776,8.38,nan,nan,nan,0,0,0,0,20,4
TON_IoT-calibrated,211,BC-FL,0.2,20,7200,3600,90.88888888888889,90.19073934008406,89.53259499073887,89.83590305617403,96.07304165206672,4.99,nan,nan,nan,0,0,0,0,20,4
TON_IoT-calibrated,211,TrustAgent-IIoT,0.2,20,7200,3600,95.02777777777777,94.39963943783366,94.50248514074502,94.44822021200542,97.76272235848832,1.46,nan,nan,nan,0,0,0,0,15,4
TON_IoT-calibrated,211,FedAvg,0.3,20,7200,3600,76.63888888888889,76.32668536810499,72.34406486468156,73.89964830216161,89.93734405469695,8.57,nan,nan,nan,0,0,0,0,20,6
TON_IoT-calibrated,211,FedProx,0.3,20,7200,3600,80.27777777777779,77.79259702784988,78.41342620254322,78.03935687719827,92.49421388825574,8.38,nan,nan,nan,0,0,0,0,20,6
TON_IoT-calibrated,211,BC-FL,0.3,20,7200,3600,85.08333333333333,83.67605640156432,83.52972235718272,83.56357000610792,92.56493618172945,4.99,nan,nan,nan,0,0,0,0,20,6
TON_IoT-calibrated,211,TrustAgent-IIoT,0.3,20,7200,3600,92.13888888888889,90.96053326845045,91.22537415673634,91.08735348160867,96.98222568462846,1.46,nan,nan,nan,0,0,0,0,14,6
TON_IoT-calibrated,257,Local-only,0.0,20,7200,3600,92.5,92.81063286792389,90.9752757865751,91.83320822016638,95.7416735159717,0.08000000000000002,8.34999999999999,0.0,0.0,0,0,913,2687,20,0
TON_IoT-calibrated,257,FedAvg,0.0,20,7200,3600,94.16666666666667,94.45491493504485,92.91660751117054,93.6400875976643,97.1287859808278,8.569999999999999,32.06999999999998,0.0,0.0,0,0,907,2693,20,0
TON_IoT-calibrated,257,FedProx,0.0,20,7200,3600,95.25,94.83522906792662,94.64782481434693,94.73772788169886,97.90554112439949,8.379999999999999,32.77000000000002,0.0,0.0,0,0,953,2647,20,0
TON_IoT-calibrated,257,FD-only,0.0,20,7200,3600,96.16666666666667,96.62751777380205,95.40582950325583,95.99400155411642,98.35613016463239,1.8500000000000005,22.630000000000003,0.0,0.0,0,0,920,2680,20,0
TON_IoT-calibrated,257,BC-FL,0.0,20,7200,3600,96.94444444444444,97.05018142928043,96.31826767136748,96.67132150754205,98.27283968523963,4.990000000000001,27.600000000000012,61.14101184068891,5.990265818045676,568,160,361,2511,20,0
TON_IoT-calibrated,257,TrustAgent-IIoT,0.0,20,7200,3600,98.08333333333333,97.86743890397092,97.90647625162717,97.88593712085675,99.05549182405417,1.4600000000000002,20.48999999999999,96.33123689727464,2.456538170823885,919,65,35,2581,15,0
TON_IoT-calibrated,257,FedAvg,0.1,20,7200,3600,89.5,89.63853678763385,87.43153762614256,88.41782773811941,95.49266281933512,8.57,nan,nan,nan,0,0,0,0,20,2
TON_IoT-calibrated,257,FedProx,0.1,20,7200,3600,92.41666666666667,91.6612961760825,91.7545562279516,91.67836495542947,96.63499504066363,8.38,nan,nan,nan,0,0,0,0,20,2
TON_IoT-calibrated,257,BC-FL,0.1,20,7200,3600,95.27777777777777,95.04207181619428,94.42829515590647,94.72799460101572,97.8139911889368,4.99,nan,nan,nan,0,0,0,0,20,2
TON_IoT-calibrated,257,TrustAgent-IIoT,0.1,20,7200,3600,96.86111111111111,96.67231254818577,96.43005904032582,96.54898435203393,98.81047350307888,1.46,nan,nan,nan,0,0,0,0,15,2
TON_IoT-calibrated,257,FedAvg,0.2,20,7200,3600,86.27777777777777,86.86183733910605,83.87178202404317,85.20332274175975,93.84870141571838,8.57,nan,nan,nan,0,0,0,0,20,4
TON_IoT-calibrated,257,FedProx,0.2,20,7200,3600,87.6111111111111,86.5789507603352,86.63344350156851,86.5836462942058,94.67102092004846,8.38,nan,nan,nan,0,0,0,0,20,4
TON_IoT-calibrated,257,BC-FL,0.2,20,7200,3600,90.27777777777779,89.57810418741639,88.93947931036568,89.24309447451307,95.80648552269354,4.99,nan,nan,nan,0,0,0,0,20,4
TON_IoT-calibrated,257,TrustAgent-IIoT,0.2,20,7200,3600,95.52777777777777,95.15693126265401,95.08499265094959,95.11942774351644,98.20326612956394,1.46,nan,nan,nan,0,0,0,0,15,4
TON_IoT-calibrated,257,FedAvg,0.3,20,7200,3600,78.41666666666667,78.50158348066618,75.12915561036674,76.5393623062404,89.28243090992468,8.57,nan,nan,nan,0,0,0,0,20,6
TON_IoT-calibrated,257,FedProx,0.3,20,7200,3600,81.8611111111111,80.33877551402362,81.21992637540949,80.75822201436463,91.93364305377914,8.38,nan,nan,nan,0,0,0,0,20,6
TON_IoT-calibrated,257,BC-FL,0.3,20,7200,3600,85.55555555555556,84.95284500097348,83.9411089060531,84.41331908647476,93.5716891485032,4.99,nan,nan,nan,0,0,0,0,20,6
TON_IoT-calibrated,257,TrustAgent-IIoT,0.3,20,7200,3600,93.22222222222221,92.23575174355007,92.64394234420266,92.4333301658799,97.00211046500554,1.46,nan,nan,nan,0,0,0,0,14,6
TON_IoT-calibrated,307,Local-only,0.0,20,7200,3600,92.69444444444444,93.25938077730532,91.66895981051422,92.4047317486618,96.47482505652974,0.08000000000000002,8.349999999999993,0.0,0.0,0,0,995,2605,20,0
TON_IoT-calibrated,307,FedAvg,0.0,20,7200,3600,94.05555555555556,94.37168589489403,93.13696460506115,93.70513263128045,96.89796399788314,8.569999999999999,32.06999999999998,0.0,0.0,0,0,998,2602,20,0
TON_IoT-calibrated,307,FedProx,0.0,20,7200,3600,94.61111111111111,94.304643956533,94.25708965600853,94.27614957314218,97.70309582820543,8.379999999999999,32.770000000000024,0.0,0.0,0,0,1036,2564,20,0
TON_IoT-calibrated,307,FD-only,0.0,20,7200,3600,95.63888888888889,95.94633202651714,94.9866658154265,95.44409558708867,98.16837018953956,1.8500000000000005,22.629999999999995,0.0,0.0,0,0,1015,2585,20,0
TON_IoT-calibrated,307,BC-FL,0.0,20,7200,3600,96.38888888888889,96.30728104869229,95.94400449163308,96.1189027496857,98.19847800344843,4.990000000000001,27.600000000000016,59.44123314065511,5.6596409055425445,617,145,421,2417,20,0
TON_IoT-calibrated,307,TrustAgent-IIoT,0.0,20,7200,3600,97.97222222222223,97.77029804318086,97.78698632928624,97.77597422180294,99.19184186879512,1.4600000000000002,20.489999999999984,95.31100478468899,2.309197651663405,996,59,49,2496,15,0
TON_IoT-calibrated,307,FedAvg,0.1,20,7200,3600,89.80555555555556,90.28345685401723,88.38318097798238,89.23774435002014,95.33606295326615,8.57,nan,nan,nan,0,0,0,0,20,2
TON_IoT-calibrated,307,FedProx,0.1,20,7200,3600,91.58333333333334,91.15852465997156,90.95830630361277,91.0383642521694,96.96458141602946,8.38,nan,nan,nan,0,0,0,0,20,2
TON_IoT-calibrated,307,BC-FL,0.1,20,7200,3600,94.3611111111111,94.15321163206808,93.56625520037655,93.8481484918374,97.48599753860861,4.99,nan,nan,nan,0,0,0,0,20,2
TON_IoT-calibrated,307,TrustAgent-IIoT,0.1,20,7200,3600,96.55555555555554,96.35865073580221,96.22825439005503,96.28902687217914,98.74984674501941,1.46,nan,nan,nan,0,0,0,0,15,2
TON_IoT-calibrated,307,FedAvg,0.2,20,7200,3600,84.44444444444444,84.87649910742601,82.63860315387988,83.61938539228487,93.03772322848883,8.57,nan,nan,nan,0,0,0,0,20,4
TON_IoT-calibrated,307,FedProx,0.2,20,7200,3600,86.36111111111111,85.54538279479938,85.66262901975195,85.57488687931296,93.73431561369502,8.38,nan,nan,nan,0,0,0,0,20,4
TON_IoT-calibrated,307,BC-FL,0.2,20,7200,3600,90.97222222222221,90.97960344513648,90.0756017950869,90.50070282818926,96.40110747092811,4.99,nan,nan,nan,0,0,0,0,20,4
TON_IoT-calibrated,307,TrustAgent-IIoT,0.2,20,7200,3600,95.16666666666667,94.89402951699655,94.90780870132822,94.89402166555197,98.21215455551399,1.46,nan,nan,nan,0,0,0,0,15,4
TON_IoT-calibrated,307,FedAvg,0.3,20,7200,3600,77.91666666666667,77.9523469395415,75.52845936069711,76.57631616088906,90.46686122936102,8.57,nan,nan,nan,0,0,0,0,20,6
TON_IoT-calibrated,307,FedProx,0.3,20,7200,3600,81.25,80.01737851682765,80.56847358627873,80.27779996683458,91.85269364057788,8.38,nan,nan,nan,0,0,0,0,20,6
TON_IoT-calibrated,307,BC-FL,0.3,20,7200,3600,85.72222222222223,85.2275478326804,84.69394578367739,84.93837036433537,93.08814217716741,4.99,nan,nan,nan,0,0,0,0,20,6
TON_IoT-calibrated,307,TrustAgent-IIoT,0.3,20,7200,3600,92.75,92.0787207527273,92.30868234549116,92.19147116935945,97.05166516386255,1.46,nan,nan,nan,0,0,0,0,14,6
